id_transacao,data_hora,valor,quantidade,desconto_percentual,categoria,pais,pagamento,hora,valor_por_item,razao_preco_categoria,hora_sen,hora_cos,score_decisao,score_anomalia,rotulo,detectada,tipo,descricao,anomalia_observavel,caso_conhecido,conhecida
T001,2026-09-01 16:26:00,139.56,4,10.0,papelaria,BR,boleto,16,34.89,1.1155518608517714,-0.8660254037844384,-0.5000000000000004,0.06310370746429139,0.5093585992281647,1,False,,,,False,False
T002,2026-09-01 14:47:00,799.59,4,10.0,eletronicos,BR,boleto,14,199.8975,0.8627101911343443,-0.4999999999999997,-0.8660254037844388,0.06873509957291102,0.5037272071195451,1,False,,,,False,False
T003,2026-09-01 10:49:00,933.87,4,5.0,eletronicos,BR,pix,10,233.4675,1.0075903477965333,0.49999999999999994,-0.8660254037844387,0.11867184874064846,0.45379045795180767,1,False,,,,False,False
T004,2026-09-01 12:37:00,1279.44,5,5.0,eletronicos,PT,cartao,12,255.888,1.1043519072974153,1.2246467991473532e-16,-1.0,0.023788497032044664,0.5486738096604115,1,False,,,,False,False
T005,2026-09-02 09:11:00,841.51,4,15.0,eletronicos,BR,cartao,9,210.3775,0.9079393851116973,0.7071067811865476,-0.7071067811865475,0.12109720371383548,0.45136510297862065,1,False,,,,False,False
T006,2026-09-02 12:58:00,900.36,4,5.0,eletronicos,BR,pix,12,225.09,0.9714350450727476,1.2246467991473532e-16,-1.0,0.12667098906047475,0.4457913176319814,1,False,,,,False,False
T007,2026-09-02 16:28:00,82.63,1,10.0,casa,BR,cartao,16,82.63,0.8654319479113936,-0.8660254037844384,-0.5000000000000004,0.1256228614891129,0.44683944520334323,1,False,,,,False,False
T008,2026-09-02 18:18:00,439.87,4,0.0,casa,BR,pix,18,109.9675,1.151753451917538,-1.0,-1.8369701987210297e-16,0.08872671197977117,0.48373559471268496,1,False,,,,False,False
T009,2026-09-03 03:08:00,114.66,4,10.0,papelaria,BR,cartao,3,28.665,0.9165174574753805,0.7071067811865475,0.7071067811865476,0.09037781102064435,0.4820844956718118,1,False,,,,False,False
T010,2026-09-03 14:46:00,375.32,4,5.0,casa,BR,pix,14,93.83,0.9827360483181177,-0.4999999999999997,-0.8660254037844388,0.12171382534298752,0.4507484813494686,1,False,,,,False,False
T011,2026-09-03 18:28:00,367.05,4,10.0,casa,BR,cartao,18,91.7625,0.9610819208546443,-1.0,-1.8369701987210297e-16,0.13939478242860381,0.4330675242638523,1,False,,,,False,False
T012,2026-09-03 14:18:00,91.61,3,15.0,papelaria,BR,pix,14,30.536666666666665,0.9763610009805175,-0.4999999999999997,-0.8660254037844388,0.11049124898135748,0.46197105771109864,1,False,,,,False,False
T013,2026-09-04 12:14:00,1084.36,5,0.0,eletronicos,BR,cartao,12,216.87199999999999,0.9359681065130254,1.2246467991473532e-16,-1.0,0.11275947013334797,0.45970283655910815,1,False,,,,False,False
T014,2026-09-04 12:47:00,99.16,3,10.0,papelaria,BR,pix,12,33.053333333333335,1.0568273862812807,1.2246467991473532e-16,-1.0,0.12247515570882783,0.4499871509836283,1,False,,,,False,False
T015,2026-09-04 14:05:00,106.67,1,0.0,casa,BR,cartao,14,106.67,1.117216820570112,-0.4999999999999997,-0.8660254037844388,0.1310694453592462,0.44139286133320993,1,False,,,,False,False
T016,2026-09-04 12:41:00,233.66,1,5.0,eletronicos,BR,cartao,12,233.66,1.0084211321324723,1.2246467991473532e-16,-1.0,0.14829303465381,0.42416927203864613,1,False,,,,False,False
T017,2026-09-05 22:05:00,150.52,2,15.0,casa,PT,cartao,22,75.26,0.7882416604116118,-0.5000000000000004,0.8660254037844384,0.0410206635537127,0.5314416431387434,1,False,,,,False,False
T018,2026-09-05 18:58:00,184.22,2,15.0,casa,BR,pix,18,92.11,0.9647214900413708,-1.0,-1.8369701987210297e-16,0.08686351784618607,0.48559878884627006,1,False,,,,False,False
T019,2026-09-05 10:54:00,32.81,1,5.0,papelaria,BR,cartao,10,32.81,1.049047192735644,0.49999999999999994,-0.8660254037844387,0.1428447394929524,0.4296175671995037,1,False,,,,False,False
T020,2026-09-05 18:51:00,102.37,1,5.0,casa,BR,cartao,18,102.37,1.0721804248782447,-1.0,-1.8369701987210297e-16,0.12701044483211849,0.44545186186033764,1,False,,,,False,False
T021,2026-09-06 12:38:00,91.91,3,0.0,papelaria,BR,cartao,12,30.636666666666667,0.9795583407937929,1.2246467991473532e-16,-1.0,0.11961534600446799,0.45284696068798813,1,False,,,,False,False
T022,2026-09-06 16:08:00,55.5,2,10.0,papelaria,BR,boleto,16,27.75,0.887261798183911,-0.8660254037844384,-0.5000000000000004,0.053792341369099717,0.5186699653233564,1,False,,,,False,False
T023,2026-09-06 03:20:00,731.93,3,5.0,eletronicos,PT,cartao,3,243.97666666666666,1.0529454181884226,0.7071067811865475,0.7071067811865476,0.03995186907192727,0.5325104376205289,1,False,,,,False,False
T024,2026-09-06 14:04:00,398.4,4,0.0,casa,PT,cartao,14,99.6,1.0431686071883675,-0.4999999999999997,-0.8660254037844388,0.058062294709196216,0.5144000119832599,1,False,,,,False,False
T025,2026-09-07 14:16:00,242.12,3,15.0,casa,BR,pix,14,80.70666666666666,0.8452877616213103,-0.4999999999999997,-0.8660254037844388,0.09170012899560132,0.4807621776968548,1,False,,,,False,False
T026,2026-09-07 14:53:00,446.04,5,0.0,casa,BR,cartao,14,89.208,0.934327159739557,-0.4999999999999997,-0.8660254037844388,0.13375557304430707,0.43870673364814905,1,False,,,,False,False
T027,2026-09-07 18:39:00,74.77,2,0.0,papelaria,BR,boleto,18,37.385,1.1953254891929914,-1.0,-1.8369701987210297e-16,0.03607632060143584,0.5363859860910203,1,False,,,,False,False
T028,2026-09-07 12:02:00,508.23,2,0.0,eletronicos,BR,cartao,12,254.115,1.0967000598812087,1.2246467991473532e-16,-1.0,0.13256164838172335,0.4399006583107328,1,False,,,,False,False
T029,2026-09-08 14:57:00,468.64,2,0.0,eletronicos,BR,boleto,14,234.32,1.0112695355699772,-0.4999999999999997,-0.8660254037844388,0.078782798490946,0.49367950820151013,1,False,,,,False,False
T030,2026-09-08 22:02:00,30.89,1,10.0,papelaria,BR,cartao,22,30.89,0.9876582683207572,-0.5000000000000004,0.8660254037844384,0.10960359897354788,0.46285870771890825,1,False,,,,False,False
T031,2026-09-08 12:53:00,1257.07,5,0.0,eletronicos,BR,cartao,12,251.414,1.0850431846013582,1.2246467991473532e-16,-1.0,0.10689593591337249,0.46556637077908364,1,False,,,,False,False
T032,2026-09-08 12:05:00,182.59,2,15.0,casa,PT,pix,12,91.295,0.9561855220207028,1.2246467991473532e-16,-1.0,0.007882208539347402,0.5645800981531087,1,False,,,,False,False
T033,2026-09-09 10:49:00,31.36,1,0.0,papelaria,BR,cartao,10,31.36,1.0026857654431514,0.49999999999999994,-0.8660254037844387,0.13307399875001935,0.4393883079424368,1,False,,,,False,False
T034,2026-09-09 22:18:00,36.02,1,5.0,papelaria,BR,pix,22,36.02,1.1516818007417828,-0.5000000000000004,0.8660254037844384,0.05612919545761785,0.5163331112348383,1,False,,,,False,False
T035,2026-09-09 16:13:00,222.39,1,5.0,eletronicos,BR,cartao,16,222.39,0.9597824855556814,-0.8660254037844384,-0.5000000000000004,0.13418278361659736,0.43827952307585877,1,False,,,,False,False
T036,2026-09-09 18:34:00,773.44,4,15.0,eletronicos,BR,cartao,18,193.36,0.8344958919332999,-1.0,-1.8369701987210297e-16,0.11358233258712647,0.45887997410532966,1,False,,,,False,False
T037,2026-09-10 12:07:00,267.96,1,5.0,eletronicos,BR,cartao,12,267.96,1.1564517956270532,1.2246467991473532e-16,-1.0,0.13018617928288373,0.4422761274095724,1,False,,,,False,False
T038,2026-09-10 22:57:00,355.65,4,5.0,casa,BR,cartao,22,88.9125,0.9312322167332903,-0.5000000000000004,0.8660254037844384,0.11163466642196407,0.46082764027049206,1,False,,,,False,False
T039,2026-09-10 12:06:00,106.16,4,15.0,papelaria,PT,cartao,12,26.54,0.8485739864432792,1.2246467991473532e-16,-1.0,0.02661104368228928,0.5458512630101668,1,False,,,,False,False
T040,2026-09-10 18:48:00,155.96,5,10.0,papelaria,BR,pix,18,31.192,0.9973142345568488,-1.0,-1.8369701987210297e-16,0.09686165184785195,0.4756006548446042,1,False,,,,False,False
T041,2026-09-11 14:47:00,152.92,5,5.0,papelaria,BR,cartao,14,30.583999999999996,0.9778744084921345,-0.4999999999999997,-0.8660254037844388,0.12689967201854685,0.4455626346739093,1,False,,,,False,False
T042,2026-09-11 14:24:00,914.14,4,5.0,eletronicos,BR,cartao,14,228.535,0.9863028478639672,-0.4999999999999997,-0.8660254037844388,0.1536722496785779,0.4187900570138782,1,False,,,,False,False
T043,2026-09-11 18:14:00,87.03,3,10.0,papelaria,BR,pix,18,29.01,0.9275482798311805,-1.0,-1.8369701987210297e-16,0.10936655914071886,0.46309574755173727,1,False,,,,False,False
T044,2026-09-11 20:35:00,212.29,1,5.0,eletronicos,BR,pix,20,212.29,0.9161932814362858,-0.8660254037844386,0.5000000000000001,0.09431049402403979,0.47815181266841633,1,False,,,,False,False
T045,2026-09-12 10:09:00,1052.34,5,10.0,eletronicos,BR,pix,10,210.468,0.9083299616436582,0.49999999999999994,-0.8660254037844387,0.09467055585196726,0.47779175084048886,1,False,,,,False,False
T046,2026-09-12 16:10:00,216.5,1,0.0,eletronicos,BR,pix,16,216.5,0.9343626427573408,-0.8660254037844384,-0.5000000000000004,0.10910952487298642,0.4633527818194697,1,False,,,,False,False
T047,2026-09-12 20:30:00,472.81,2,15.0,eletronicos,BR,pix,20,236.405,1.0202679009748228,-0.8660254037844386,0.5000000000000001,0.09217965849495735,0.4802826481974988,1,False,,,,False,False
T048,2026-09-12 12:14:00,510.68,2,0.0,eletronicos,BR,pix,12,255.34,1.1019868692917294,1.2246467991473532e-16,-1.0,0.11422487551682903,0.4582374311756271,1,False,,,,False,False
T049,2026-09-13 09:06:00,701.27,3,15.0,eletronicos,PT,pix,9,233.75666666666666,1.008838322534935,0.7071067811865476,-0.7071067811865475,-0.0025473097045543014,0.5750096163970104,-1,True,,,,False,False
T050,2026-09-13 18:54:00,1215.36,5,15.0,eletronicos,BR,cartao,18,243.07199999999997,1.049041091456408,-1.0,-1.8369701987210297e-16,0.07984978439091739,0.49261252230153874,1,False,,,,False,False
T051,2026-09-13 14:08:00,363.9,4,10.0,casa,BR,cartao,14,90.975,0.9528339762947964,-0.4999999999999997,-0.8660254037844388,0.15797179181364907,0.41449051487880706,1,False,,,,False,False
T052,2026-09-13 09:38:00,418.47,2,10.0,eletronicos,BR,pix,9,209.235,0.9030086261308647,0.7071067811865476,-0.7071067811865475,0.10479904743496143,0.4676632592574947,1,False,,,,False,False
T053,2026-09-14 12:22:00,182.38,2,5.0,eletronicos,BR,cartao,12,91.19,0.39355440828194876,1.2246467991473532e-16,-1.0,0.1020542312479692,0.47040807544448693,1,False,,,,False,False
T054,2026-09-14 14:56:00,66.93,2,15.0,papelaria,BR,cartao,14,33.465,1.0699897685125976,-0.4999999999999997,-0.8660254037844388,0.1239574422468509,0.4485048644456052,1,False,,,,False,False
T055,2026-09-14 14:39:00,1295.94,5,5.0,eletronicos,BR,pix,14,259.188,1.1185939244849405,-0.4999999999999997,-0.8660254037844388,0.08757584794946799,0.48488645874298814,1,False,,,,False,False
T056,2026-09-14 20:12:00,148.18,4,0.0,papelaria,BR,cartao,20,37.045,1.1844545338278554,-0.8660254037844386,0.5000000000000001,0.09062825153590559,0.48183405515655053,1,False,,,,False,False
T057,2026-09-15 22:43:00,78.78,1,10.0,casa,BR,boleto,22,78.78,0.8251086633965822,-0.5000000000000004,0.8660254037844384,0.007641929113663126,0.564820377578793,1,False,,,,False,False
T058,2026-09-15 18:35:00,180.35,5,5.0,papelaria,PT,pix,18,36.07,1.1532804706484205,-1.0,-1.8369701987210297e-16,-0.023785792086497448,0.5962480987789536,-1,True,,,,False,False
T059,2026-09-15 10:05:00,776.14,3,0.0,eletronicos,BR,cartao,10,258.7133333333333,1.1165453757500885,0.49999999999999994,-0.8660254037844387,0.128446000446238,0.44401630624621813,1,False,,,,False,False
T060,2026-09-15 18:31:00,291.38,3,10.0,casa,BR,cartao,18,97.12666666666667,1.0172639516818824,-1.0,-1.8369701987210297e-16,0.14032402484976053,0.4321382818426956,1,False,,,,False,False
T061,2026-09-16 09:07:00,131.66,5,15.0,papelaria,BR,pix,9,26.332,0.8419235196316665,0.7071067811865476,-0.7071067811865475,0.08324364241534798,0.48921866427710814,1,False,,,,False,False
T062,2026-09-16 20:40:00,950.09,4,0.0,eletronicos,BR,pix,20,237.5225,1.025090765886053,-0.8660254037844386,0.5000000000000001,0.09038316765047827,0.48207913904197786,1,False,,,,False,False
T063,2026-09-16 10:18:00,403.78,2,10.0,eletronicos,PT,pix,10,201.89,0.8713093484816606,0.49999999999999994,-0.8660254037844387,0.010562834657207865,0.5618994720352483,1,False,,,,False,False
T064,2026-09-16 22:43:00,507.95,2,0.0,eletronicos,BR,cartao,22,253.975,1.0960958530914349,-0.5000000000000004,0.8660254037844384,0.10843078328974537,0.46403152340271075,1,False,,,,False,False
T065,2026-09-17 22:59:00,67.12,2,10.0,papelaria,BR,cartao,22,33.56,1.073027241335209,-0.5000000000000004,0.8660254037844384,0.1077511697854534,0.4647111369070027,1,False,,,,False,False
T066,2026-09-17 16:07:00,1026.48,4,0.0,eletronicos,BR,cartao,16,256.62,1.1075110456553756,-0.8660254037844384,-0.5000000000000004,0.12062037897954003,0.4518419277129161,1,False,,,,False,False
T067,2026-09-17 14:17:00,1172.73,5,5.0,eletronicos,BR,boleto,14,234.546,1.0122448979591836,-0.4999999999999997,-0.8660254037844388,0.04720176753906036,0.5252605391533958,1,False,,,,False,False
T068,2026-09-17 20:06:00,1034.2,4,10.0,eletronicos,BR,cartao,20,258.55,1.1158404678286857,-0.8660254037844386,0.5000000000000001,0.11709900392712624,0.4553633027653299,1,False,,,,False,False
T069,2026-09-18 16:59:00,33.07,1,10.0,papelaria,BR,cartao,16,33.07,1.05736027625016,-0.8660254037844384,-0.5000000000000004,0.13586516608113464,0.4365971406113215,1,False,,,,False,False
T070,2026-09-18 18:14:00,223.23,1,0.0,eletronicos,BR,boleto,18,223.23,0.9634077262943241,-1.0,-1.8369701987210297e-16,0.040112913564087305,0.5323493931283688,1,False,,,,False,False
T071,2026-09-18 09:02:00,101.34,4,15.0,papelaria,BR,cartao,9,25.335,0.8100460416933112,0.7071067811865476,-0.7071067811865475,0.09435544653284805,0.47810686015960807,1,False,,,,False,False
T072,2026-09-18 18:50:00,411.91,2,5.0,eletronicos,PT,cartao,18,205.955,0.8888529241990214,-1.0,-1.8369701987210297e-16,0.04869125602258306,0.5237710506698731,1,False,,,,False,False
T073,2026-09-19 10:50:00,732.74,4,15.0,eletronicos,BR,cartao,10,183.185,0.7905830056050969,0.49999999999999994,-0.8660254037844387,0.10494297671890601,0.4675193299735501,1,False,,,,False,False
T074,2026-09-19 10:37:00,397.92,4,10.0,casa,BR,pix,10,99.48,1.0419117775411526,0.49999999999999994,-0.8660254037844387,0.10246553185739954,0.4699967748350566,1,False,,,,False,False
T075,2026-09-19 16:42:00,80.08,2,0.0,papelaria,BR,cartao,16,40.04,1.280214861235452,-0.8660254037844384,-0.5000000000000004,0.10619343518088725,0.46626887151156887,1,False,,,,False,False
T076,2026-09-19 10:53:00,37.2,1,0.0,papelaria,BR,pix,10,37.2,1.1894104105384322,0.49999999999999994,-0.8660254037844387,0.07050226564029771,0.5019600410521584,1,False,,,,False,False
T077,2026-09-20 16:27:00,488.35,5,10.0,casa,BR,pix,16,97.67,1.0229545970289944,-0.8660254037844384,-0.5000000000000004,0.10845477439554518,0.46400753229691094,1,False,,,,False,False
T078,2026-09-20 16:18:00,161.19,5,10.0,papelaria,BR,cartao,16,32.238,1.030758409003709,-0.8660254037844384,-0.5000000000000004,0.11871604838137556,0.45374625831108056,1,False,,,,False,False
T079,2026-09-20 14:30:00,32.29,1,5.0,papelaria,BR,pix,14,32.29,1.032421025706612,-0.4999999999999997,-0.8660254037844388,0.11020783996926303,0.4622544667231931,1,False,,,,False,False
T080,2026-09-20 16:18:00,489.19,2,0.0,eletronicos,BR,pix,16,244.595,1.0556139981765902,-0.8660254037844384,-0.5000000000000004,0.12128234220229461,0.4511799644901615,1,False,,,,False,False
T081,2026-09-21 12:13:00,91.61,3,15.0,papelaria,BR,pix,12,30.536666666666665,0.9763610009805175,1.2246467991473532e-16,-1.0,0.11084543400753827,0.46161687268491786,1,False,,,,False,False
T082,2026-09-21 14:13:00,306.52,3,0.0,casa,BR,cartao,14,102.17333333333333,1.070120620734198,-0.4999999999999997,-0.8660254037844388,0.15233979845135526,0.42012250824110087,1,False,,,,False,False
T083,2026-09-21 14:18:00,391.04,4,10.0,casa,BR,cartao,14,97.76,1.0238972192644056,-0.4999999999999997,-0.8660254037844388,0.15746455803024317,0.41499774866221295,1,False,,,,False,False
T084,2026-09-21 20:30:00,182.07,2,15.0,casa,PT,cartao,20,91.035,0.9534623911184039,-0.8660254037844386,0.5000000000000001,0.05414726591227137,0.5183150407801848,1,False,,,,False,False
T085,2026-09-22 20:47:00,672.84,3,5.0,eletronicos,BR,pix,20,224.28,0.9679392772176277,-0.8660254037844386,0.5000000000000001,0.10625837204811373,0.4662039346443424,1,False,,,,False,False
T086,2026-09-22 12:50:00,25.78,1,15.0,papelaria,BR,pix,12,25.78,0.8242742038623866,1.2246467991473532e-16,-1.0,0.0838803919171574,0.4885819147752987,1,False,,,,False,False
T087,2026-09-22 20:44:00,427.2,2,0.0,eletronicos,BR,pix,20,213.6,0.9218469306834549,-0.8660254037844386,0.5000000000000001,0.10467469504008842,0.4677876116523677,1,False,,,,False,False
T088,2026-09-22 12:36:00,221.48,1,0.0,eletronicos,PT,boleto,12,221.48,0.9558551414221517,1.2246467991473532e-16,-1.0,-0.019634740940176032,0.5920970476326322,-1,True,,,,False,False
T089,2026-09-23 18:18:00,401.39,4,5.0,casa,BR,cartao,18,100.3475,1.0509976085324768,-1.0,-1.8369701987210297e-16,0.14250557847578205,0.4299567282166741,1,False,,,,False,False
T090,2026-09-23 10:12:00,90.68,1,10.0,casa,BR,cartao,10,90.68,0.9497442700787265,0.49999999999999994,-0.8660254037844387,0.1290909871198428,0.44337131957261333,1,False,,,,False,False
T091,2026-09-23 22:33:00,1170.58,5,15.0,eletronicos,BR,pix,22,234.11599999999999,1.0103891199620212,-0.5000000000000004,0.8660254037844384,0.05439294141808415,0.518069365274372,1,False,,,,False,False
T092,2026-09-23 14:04:00,511.38,2,5.0,eletronicos,BR,pix,14,255.69,1.103497386266164,-0.4999999999999997,-0.8660254037844388,0.1275740020731762,0.4448883046192799,1,False,,,,False,False
T093,2026-09-24 10:54:00,30.22,1,0.0,papelaria,BR,cartao,10,30.22,0.9662360915718122,0.49999999999999994,-0.8660254037844387,0.13285164850657116,0.43961065818588496,1,False,,,,False,False
T094,2026-09-24 10:29:00,590.78,3,10.0,eletronicos,BR,cartao,10,196.92666666666665,0.8498887791965847,0.49999999999999994,-0.8660254037844387,0.1357523477162546,0.4367099589762015,1,False,,,,False,False
T095,2026-09-24 09:40:00,409.97,4,5.0,casa,BR,cartao,9,102.4925,1.0734634384764434,0.7071067811865476,-0.7071067811865475,0.13011208973582183,0.4423502169566343,1,False,,,,False,False
T096,2026-09-24 18:50:00,422.78,2,15.0,eletronicos,BR,cartao,18,211.39,0.9123090949305971,-1.0,-1.8369701987210297e-16,0.1220663787063081,0.450395927986148,1,False,,,,False,False
T097,2026-09-25 12:35:00,524.91,5,5.0,casa,BR,cartao,12,104.982,1.0995374168659557,1.2246467991473532e-16,-1.0,0.11746270783655038,0.45499959885590574,1,False,,,,False,False
T098,2026-09-25 16:23:00,112.52,1,0.0,casa,BR,pix,16,112.52,1.1784872658718384,-0.8660254037844384,-0.5000000000000004,0.07558559248142621,0.4968767142110299,1,False,,,,False,False
T099,2026-09-25 14:01:00,37.51,1,5.0,papelaria,BR,cartao,14,37.51,1.1993221639595855,-0.4999999999999997,-0.8660254037844388,0.13251854706515515,0.439943759627301,1,False,,,,False,False
T100,2026-09-25 16:16:00,100.79,1,5.0,casa,PT,cartao,16,100.79,1.0556321678565819,-0.8660254037844384,-0.5000000000000004,0.046559005978271895,0.5259033007141842,1,False,,,,False,False
T101,2026-09-26 18:45:00,714.64,3,15.0,eletronicos,PT,cartao,18,238.21333333333334,1.028072238676068,-1.0,-1.8369701987210297e-16,0.04378510767237864,0.5286771990200775,1,False,,,,False,False
T102,2026-09-26 14:06:00,534.86,5,0.0,casa,BR,cartao,14,106.97200000000001,1.1203798418489364,-0.4999999999999997,-0.8660254037844388,0.12225706553983079,0.45020524115262534,1,False,,,,False,False
T103,2026-09-26 18:59:00,468.23,5,0.0,casa,BR,pix,18,93.646,0.9808089095257214,-1.0,-1.8369701987210297e-16,0.08719285617046207,0.48526945052199405,1,False,,,,False,False
T104,2026-09-26 14:02:00,36.02,1,5.0,papelaria,PT,cartao,14,36.02,1.1516818007417828,-0.4999999999999997,-0.8660254037844388,0.03207228258035477,0.5403900241121014,1,False,,,,False,False
T105,2026-09-27 09:24:00,190.42,5,0.0,papelaria,BR,cartao,9,38.083999999999996,1.217674894487786,0.7071067811865476,-0.7071067811865475,0.074859513030121,0.4976027936623351,1,False,,,,False,False
T106,2026-09-27 12:49:00,143.16,5,5.0,papelaria,BR,pix,12,28.631999999999998,0.9154623353369995,1.2246467991473532e-16,-1.0,0.1117006565693563,0.46076165012309983,1,False,,,,False,False
T107,2026-09-27 20:42:00,919.8,4,15.0,eletronicos,BR,cartao,20,229.95,0.9924096522034666,-0.8660254037844386,0.5000000000000001,0.12113865131552315,0.451323655376933,1,False,,,,False,False
T108,2026-09-27 20:14:00,88.11,1,15.0,casa,BR,cartao,20,88.11,0.9228271684675408,-0.8660254037844386,0.5000000000000001,0.09660531527640853,0.4758569914160476,1,False,,,,False,False
T109,2026-09-28 20:01:00,122.27,4,10.0,papelaria,BR,pix,20,30.5675,0.9773468474229441,-0.8660254037844386,0.5000000000000001,0.08926472645742584,0.4831975802350303,1,False,,,,False,False
T110,2026-09-28 12:20:00,497.7,5,10.0,casa,BR,pix,12,99.53999999999999,1.04254019236476,1.2246467991473532e-16,-1.0,0.09559365892548521,0.4768686477669709,1,False,,,,False,False
T111,2026-09-28 09:53:00,57.1,2,10.0,papelaria,BR,cartao,9,28.55,0.9128405166901139,0.7071067811865476,-0.7071067811865475,0.1265978645751748,0.4458644421172813,1,False,,,,False,False
T112,2026-09-28 12:59:00,422.51,5,10.0,casa,BR,cartao,12,84.502,0.885038490407946,1.2246467991473532e-16,-1.0,0.12037821498221446,0.45208409171024166,1,False,,,,False,False
T113,2026-09-29 12:42:00,153.0,5,15.0,papelaria,PT,cartao,12,30.6,0.9783859828622586,1.2246467991473532e-16,-1.0,0.022842957707623568,0.5496193489848326,1,False,,,,False,False
T114,2026-09-29 10:21:00,87.02,1,0.0,casa,BR,cartao,10,87.02,0.911410965838672,0.49999999999999994,-0.8660254037844387,0.12273682881773657,0.44972547787471956,1,False,,,,False,False
T115,2026-09-29 22:20:00,829.7,4,15.0,eletronicos,BR,cartao,22,207.425,0.8951970954916463,-0.5000000000000004,0.8660254037844384,0.11638096147513038,0.45608134521732574,1,False,,,,False,False
T116,2026-09-29 12:53:00,437.25,2,5.0,eletronicos,PT,cartao,12,218.625,0.9435336386735502,1.2246467991473532e-16,-1.0,0.07691899064934465,0.49554331604311147,1,False,,,,False,False
T117,2026-09-30 12:35:00,1046.03,4,0.0,eletronicos,BR,pix,12,261.5075,1.1286043362626572,1.2246467991473532e-16,-1.0,0.10417577084513735,0.4682865358473188,1,False,,,,False,False
T118,2026-09-30 14:52:00,31.09,1,5.0,papelaria,BR,cartao,14,31.09,0.9940529479473078,-0.4999999999999997,-0.8660254037844388,0.14555321599432525,0.4269090906981309,1,False,,,,False,False
T119,2026-09-30 16:28:00,292.84,3,15.0,casa,BR,boleto,16,97.61333333333333,1.0223610941400318,-0.8660254037844384,-0.5000000000000004,0.0583673878356058,0.5140949188568503,1,False,,,,False,False
T120,2026-09-30 09:11:00,135.48,4,5.0,papelaria,BR,boleto,9,33.87,1.0829389947563626,0.7071067811865476,-0.7071067811865475,0.039790968795208936,0.5326713378972472,1,False,,,,False,False
T121,2026-09-30 14:00:00,8000.0,1,0.0,eletronicos,BR,cartao,14,8000.0,34.52610227278858,-0.4999999999999997,-0.8660254037844388,-0.14551557895473965,0.7179778856471958,-1,True,valor_extremo,"R$ 8.000 por um item, muito acima do padrão da loja.",True,True,True
T122,2026-09-30 10:00:00,180.0,45,5.0,papelaria,BR,pix,10,4.0,0.1278935925310142,0.49999999999999994,-0.8660254037844387,-0.048520162317298166,0.6209824690097543,-1,True,quantidade_extrema,"45 itens em uma compra, contra 1 a 5 nas compras usuais.",True,True,True
T123,2026-09-30 16:00:00,300.0,2,95.0,casa,BR,cartao,16,150.0,1.5710370590186256,-0.8660254037844384,-0.5000000000000004,-0.020569992048779295,0.5930322987412354,-1,True,desconto_extremo,"Desconto de 95%, fora da política simulada de até 15%.",True,True,True
T124,2026-09-30 03:00:00,1100.0,1,5.0,papelaria,PT,cartao,3,1100.0,35.17073794602891,0.7071067811865475,0.7071067811865476,-0.1319750944764797,0.7044374011689358,-1,True,combinacao,"Valor e quantidade dentro das faixas globais, mas R$ 1.100 por um item de papelaria é incompatível com o padrão da categoria.",True,True,True
T125,2026-09-30 12:00:00,45.0,4,10.0,eletronicos,BR,pix,12,11.25,0.048552331321108935,1.2246467991473532e-16,-1.0,0.03895560769102824,0.5335066990014279,1,False,combinacao,R$ 45 por quatro eletrônicos: valor por item muito baixo para a categoria.,True,True,True
T126,2026-09-30 03:00:00,170.0,2,5.0,casa,PT,cartao,3,85.0,0.8902543334438878,0.7071067811865475,0.7071067811865476,0.03813518019586737,0.5343271264965888,1,False,indevida_sem_desvio,Compra confirmada como indevida no cenário fictício; atributos comuns podem não revelar o caso ao modelo.,False,True,False
