id_transacao,data_hora,valor,quantidade,desconto_percentual,categoria,pais,pagamento
T001,2026-09-01 16:26:00,139.56,4,10.0,papelaria,BR,boleto
T002,2026-09-01 14:47:00,799.59,4,10.0,eletronicos,BR,boleto
T003,2026-09-01 10:49:00,933.87,4,5.0,eletronicos,BR,pix
T004,2026-09-01 12:37:00,1279.44,5,5.0,eletronicos,PT,cartao
T005,2026-09-02 09:11:00,841.51,4,15.0,eletronicos,BR,cartao
T006,2026-09-02 12:58:00,900.36,4,5.0,eletronicos,BR,pix
T007,2026-09-02 16:28:00,82.63,1,10.0,casa,BR,cartao
T008,2026-09-02 18:18:00,439.87,4,0.0,casa,BR,pix
T009,2026-09-03 03:08:00,114.66,4,10.0,papelaria,BR,cartao
T010,2026-09-03 14:46:00,375.32,4,5.0,casa,BR,pix
T011,2026-09-03 18:28:00,367.05,4,10.0,casa,BR,cartao
T012,2026-09-03 14:18:00,,3,15.0,papelaria,BR,pix
T013,2026-09-04 12:14:00,1084.36,5,0.0,eletronicos,BR,cartao
T014,2026-09-04 12:47:00,99.16,3,10.0,papelaria,BR,pix
T015,2026-09-04 14:05:00,106.67,1,0.0,casa,BR,cartao
T016,2026-09-04 12:41:00,233.66,1,5.0,eletronicos,BR,cartao
T017,2026-09-05 22:05:00,150.52,2,15.0,casa,PT,cartao
T018,2026-09-05 18:58:00,184.22,2,15.0,casa,BR,pix
T019,2026-09-05 10:54:00,32.81,1,5.0,papelaria,BR,cartao
T020,2026-09-05 18:51:00,102.37,1,5.0,casa,BR,cartao
T021,2026-09-06 12:38:00,91.91,3,0.0,papelaria,BR,cartao
T022,2026-09-06 16:08:00,55.5,2,10.0,papelaria,BR,boleto
T023,2026-09-06 03:20:00,731.93,3,5.0,eletronicos,PT,cartao
T024,2026-09-06 14:04:00,398.4,4,0.0,casa,PT,cartao
T025,2026-09-07 14:16:00,242.12,3,15.0,casa,BR,pix
T026,2026-09-07 14:53:00,446.04,5,0.0,casa,BR,cartao
T027,2026-09-07 18:39:00,74.77,2,0.0,papelaria,BR,boleto
T028,2026-09-07 12:02:00,508.23,2,0.0,eletronicos,BR,cartao
T029,2026-09-08 14:57:00,468.64,2,0.0,eletronicos,BR,boleto
T030,2026-09-08 22:02:00,30.89,1,10.0,papelaria,BR,cartao
T031,2026-09-08 12:53:00,1257.07,5,0.0,eletronicos,BR,cartao
T032,2026-09-08 12:05:00,182.59,2,15.0,casa,PT,pix
T033,2026-09-09 10:49:00,31.36,1,0.0,papelaria,BR,cartao
T034,2026-09-09 22:18:00,36.02,1,5.0,papelaria,BR,pix
T035,2026-09-09 16:13:00,222.39,1,,eletronicos,BR,cartao
T036,2026-09-09 18:34:00,773.44,4,15.0,eletronicos,BR,cartao
T037,2026-09-10 12:07:00,267.96,1,5.0,eletronicos,BR,cartao
T038,2026-09-10 22:57:00,355.65,4,5.0,casa,BR,cartao
T039,2026-09-10 12:06:00,106.16,4,15.0,papelaria,PT,cartao
T040,2026-09-10 18:48:00,155.96,5,10.0,papelaria,BR,pix
T041,2026-09-11 14:47:00,152.92,5,5.0,papelaria,BR,cartao
T042,2026-09-11 14:24:00,914.14,4,5.0,eletronicos,BR,cartao
T043,2026-09-11 18:14:00,87.03,3,10.0,papelaria,BR,pix
T044,2026-09-11 20:35:00,212.29,1,5.0,eletronicos,BR,pix
T045,2026-09-12 10:09:00,1052.34,5,10.0,eletronicos,BR,pix
T046,2026-09-12 16:10:00,216.5,1,0.0,eletronicos,BR,pix
T047,2026-09-12 20:30:00,472.81,2,15.0,eletronicos,BR,pix
T048,2026-09-12 12:14:00,510.68,2,0.0,eletronicos,BR,pix
T049,2026-09-13 09:06:00,701.27,3,15.0,eletronicos,PT,pix
T050,2026-09-13 18:54:00,1215.36,5,15.0,eletronicos,BR,cartao
T051,2026-09-13 14:08:00,363.9,4,10.0,casa,BR,cartao
T052,2026-09-13 09:38:00,418.47,2,10.0,eletronicos,BR,pix
T053,2026-09-14 12:22:00,182.38,2,5.0,,BR,cartao
T054,2026-09-14 14:56:00,66.93,2,15.0,papelaria,BR,cartao
T055,2026-09-14 14:39:00,1295.94,5,5.0,eletronicos,BR,pix
T056,2026-09-14 20:12:00,148.18,4,0.0,papelaria,BR,cartao
T057,2026-09-15 22:43:00,78.78,1,10.0,casa,BR,boleto
T058,2026-09-15 18:35:00,180.35,5,5.0,papelaria,PT,pix
T059,2026-09-15 10:05:00,776.14,3,0.0,eletronicos,BR,cartao
T060,2026-09-15 18:31:00,291.38,3,10.0,casa,BR,cartao
T061,2026-09-16 09:07:00,131.66,5,15.0,papelaria,BR,pix
T062,2026-09-16 20:40:00,950.09,4,0.0,eletronicos,BR,pix
T063,2026-09-16 10:18:00,403.78,2,10.0,eletronicos,PT,pix
T064,2026-09-16 22:43:00,507.95,2,0.0,eletronicos,BR,cartao
T065,2026-09-17 22:59:00,67.12,2,10.0,papelaria,BR,cartao
T066,2026-09-17 16:07:00,1026.48,4,0.0,eletronicos,BR,cartao
T067,2026-09-17 14:17:00,1172.73,5,5.0,eletronicos,BR,boleto
T068,2026-09-17 20:06:00,1034.2,4,10.0,eletronicos,BR,cartao
T069,2026-09-18 16:59:00,33.07,1,10.0,papelaria,BR,cartao
T070,2026-09-18 18:14:00,223.23,1,0.0,eletronicos,BR,boleto
T071,2026-09-18 09:02:00,101.34,4,15.0,papelaria,BR,cartao
T072,2026-09-18 18:50:00,411.91,2,5.0,eletronicos,PT,cartao
T073,2026-09-19 10:50:00,732.74,4,15.0,eletronicos,BR,cartao
T074,2026-09-19 10:37:00,397.92,4,10.0,casa,BR,pix
T075,2026-09-19 16:42:00,80.08,2,0.0,papelaria,BR,cartao
T076,2026-09-19 10:53:00,37.2,1,0.0,papelaria,BR,pix
T077,2026-09-20 16:27:00,488.35,5,10.0,casa,BR,pix
T078,2026-09-20 16:18:00,161.19,5,10.0,papelaria,BR,
T079,2026-09-20 14:30:00,32.29,1,5.0,papelaria,BR,pix
T080,2026-09-20 16:18:00,489.19,2,0.0,eletronicos,BR,pix
T081,2026-09-21 12:13:00,91.61,3,15.0,papelaria,BR,pix
T082,2026-09-21 14:13:00,306.52,3,0.0,casa,BR,cartao
T083,2026-09-21 14:18:00,391.04,4,10.0,casa,BR,cartao
T084,2026-09-21 20:30:00,182.07,2,15.0,casa,PT,cartao
T085,2026-09-22 20:47:00,672.84,3,5.0,eletronicos,BR,pix
T086,2026-09-22 12:50:00,25.78,1,15.0,papelaria,BR,pix
T087,2026-09-22 20:44:00,427.2,2,0.0,eletronicos,BR,pix
T088,2026-09-22 12:36:00,221.48,1,0.0,eletronicos,PT,boleto
T089,2026-09-23 18:18:00,401.39,4,5.0,casa,BR,cartao
T090,2026-09-23 10:12:00,90.68,1,10.0,casa,BR,cartao
T091,2026-09-23 22:33:00,1170.58,5,15.0,eletronicos,BR,pix
T092,2026-09-23 14:04:00,511.38,2,5.0,eletronicos,BR,pix
T093,2026-09-24 10:54:00,30.22,1,0.0,papelaria,BR,cartao
T094,2026-09-24 10:29:00,590.78,3,10.0,eletronicos,BR,cartao
T095,2026-09-24 09:40:00,409.97,4,5.0,casa,BR,cartao
T096,2026-09-24 18:50:00,422.78,2,15.0,eletronicos,BR,cartao
T097,2026-09-25 12:35:00,524.91,5,5.0,casa,BR,cartao
T098,2026-09-25 16:23:00,112.52,1,0.0,casa,BR,pix
T099,2026-09-25 14:01:00,37.51,1,5.0,papelaria,BR,cartao
T100,2026-09-25 16:16:00,100.79,1,5.0,casa,PT,cartao
T101,2026-09-26 18:45:00,714.64,3,15.0,eletronicos,PT,cartao
T102,2026-09-26 14:06:00,534.86,5,0.0,casa,BR,cartao
T103,2026-09-26 18:59:00,468.23,5,0.0,casa,BR,pix
T104,2026-09-26 14:02:00,36.02,1,5.0,papelaria,PT,cartao
T105,2026-09-27 09:24:00,190.42,5,0.0,papelaria,BR,cartao
T106,2026-09-27 12:49:00,143.16,5,5.0,papelaria,BR,pix
T107,2026-09-27 20:42:00,919.8,4,15.0,eletronicos,BR,cartao
T108,2026-09-27 20:14:00,88.11,1,15.0,casa,BR,cartao
T109,2026-09-28 20:01:00,122.27,4,10.0,papelaria,BR,pix
T110,2026-09-28 12:20:00,497.7,5,10.0,casa,BR,pix
T111,2026-09-28 09:53:00,57.1,2,10.0,papelaria,BR,cartao
T112,2026-09-28 12:59:00,422.51,5,10.0,casa,BR,cartao
T113,2026-09-29 12:42:00,153.0,5,15.0,papelaria,PT,cartao
T114,2026-09-29 10:21:00,87.02,1,0.0,casa,BR,cartao
T115,2026-09-29 22:20:00,829.7,4,15.0,eletronicos,BR,cartao
T116,2026-09-29 12:53:00,437.25,2,5.0,eletronicos,PT,cartao
T117,2026-09-30 12:35:00,1046.03,4,0.0,eletronicos,BR,pix
T118,2026-09-30 14:52:00,31.09,1,5.0,papelaria,BR,cartao
T119,2026-09-30 16:28:00,292.84,3,15.0,casa,BR,boleto
T120,2026-09-30 09:11:00,135.48,4,5.0,papelaria,BR,boleto
T121,2026-09-30 14:00:00,8000.0,1,0.0,eletronicos,BR,cartao
T122,2026-09-30 10:00:00,180.0,45,5.0,papelaria,BR,pix
T123,2026-09-30 16:00:00,300.0,2,95.0,casa,BR,cartao
T124,2026-09-30 03:00:00,1100.0,1,5.0,papelaria,PT,cartao
T125,2026-09-30 12:00:00,45.0,4,10.0,eletronicos,BR,pix
T126,2026-09-30 03:00:00,170.0,2,5.0,casa,PT,cartao
